<?xml version="1.0" encoding="UTF-8" standalone="no"?><beast beautitemplate='Standard' beautistatus='' namespace="consoperators:beast.core:beast.evolution.alignment:beast.evolution.tree.coalescent:beast.core.util:beast.evolution.nuc:beast.evolution.operators:beast.evolution.sitemodel:beast.evolution.substitutionmodel:beast.evolution.likelihood" required="BEAST v2.5.0" version="2.5">



    <map name="Uniform" >beast.math.distributions.Uniform</map>
    <map name="Exponential" >beast.math.distributions.Exponential</map>
    <map name="LogNormal" >beast.math.distributions.LogNormalDistributionModel</map>
    <map name="Normal" >beast.math.distributions.Normal</map>
    <map name="Beta" >beast.math.distributions.Beta</map>
    <map name="Gamma" >beast.math.distributions.Gamma</map>
    <map name="LaplaceDistribution" >beast.math.distributions.LaplaceDistribution</map>
    <map name="prior" >beast.math.distributions.Prior</map>
    <map name="InverseGamma" >beast.math.distributions.InverseGamma</map>
    <map name="OneOnX" >beast.math.distributions.OneOnX</map>
    <map name="Dirichlet" >beast.math.distributions.Dirichlet</map>


	

		<!-- Data simulated from state 
	Sample	kappa	TreeHeight	ucldStdev	birthRate	freqParameter.1	freqParameter.2	freqParameter.3	freqParameter.4
	61	3.17369474464991	0.451171502077565	0.162130513307253	7.11786418903793	0.26665517524537	0.227266498432397	0.286063998657522	0.220014327664711
	-->
	<data spec='beast.app.seqgen.SimulatedAlignment' id="calsim" sequencelength="2000" outputFileName="simulated_alignment_62.xml">


		<tree id='simulated_tree' spec='beast.util.TreeParser' newick="(((((1:0.05708672656,(8:0.01461508045,17:0.01461508045):0.04247164611):0.1824856961,((4:0.2015699957,19:0.2015699957):0.01054502713,7:0.2121150229):0.02745739981):0.09148848742,16:0.3310609101):0.06780803642,((((5:0.05831416485,24:0.05831416485):0.00355199654,(25:0.0233256233,30:0.0233256233):0.03854053809):0.1437429023,15:0.2056090637):0.03091024346,(10:0.0587519144,13:0.0587519144):0.1777673927):0.1623496394):0.05230255555,((((2:0.07489982397,(18:0.07401015983,23:0.07401015983):0.0008896641417):0.06868264466,((11:0.06034650661,22:0.06034650661):0.02557045776,(12:0.0760118997,(14:0.006624035885,20:0.006624035885):0.06938786381):0.009905064671):0.05766550427):0.1651418205,28:0.3087242891):0.04436666568,((3:0.2282105769,((6:0.1230602582,26:0.1230602582):0.06701859718,27:0.1900788554):0.0381317215):0.07519134091,((9:0.06218454076,21:0.06218454076):0.07673589468,29:0.1389204354):0.1644814823):0.04968903707):0.09808054724):0;" IsLabelledNewick="true"/>


		<data spec='Alignment' id="input_alignment" dataType="nucleotide">
			<sequence taxon="1">?</sequence>
			<sequence taxon="2">?</sequence>
			<sequence taxon="3">?</sequence>
			<sequence taxon="4">?</sequence>
			<sequence taxon="5">?</sequence>
			<sequence taxon="6">?</sequence>
			<sequence taxon="7">?</sequence>
			<sequence taxon="8">?</sequence>
			<sequence taxon="9">?</sequence>
			<sequence taxon="10">?</sequence>
			<sequence taxon="11">?</sequence>
			<sequence taxon="12">?</sequence>
			<sequence taxon="13">?</sequence>
			<sequence taxon="14">?</sequence>
			<sequence taxon="15">?</sequence>
			<sequence taxon="16">?</sequence>
			<sequence taxon="17">?</sequence>
			<sequence taxon="18">?</sequence>
			<sequence taxon="19">?</sequence>
			<sequence taxon="20">?</sequence>
			<sequence taxon="21">?</sequence>
			<sequence taxon="22">?</sequence>
			<sequence taxon="23">?</sequence>
			<sequence taxon="24">?</sequence>
			<sequence taxon="25">?</sequence>
			<sequence taxon="26">?</sequence>
			<sequence taxon="27">?</sequence>
			<sequence taxon="28">?</sequence>
			<sequence taxon="29">?</sequence>
			<sequence taxon="30">?</sequence>
		</data>


		<siteModel spec="SiteModel">
			<substModel spec="HKY">
				<parameter name='kappa' value="3.17369474464991" lower="0.0"/>
				<frequencies spec="Frequencies" frequencies="0.26665517524537 0.227266498432397 0.286063998657522 0.220014327664711"/>
			</substModel>
		</siteModel>

		<branchRateModel id="true:clockModel" spec="beast.evolution.branchratemodel.UCRelaxedClockModel" tree="@simulated_tree">
			<parameter id="ucldMean" estimate="false" name="clock.rate">1.0</parameter>
			<parameter name="rates" spec="parameter.RealParameter" value="1"/>
			<distr id='lognormal' spec="beast.math.distributions.LogNormalDistributionModel" meanInRealSpace="true">
				<parameter name='M' id='M' value="1.0"/>
				<parameter name='S' id='ucld.stdev' value="0.162130513307253"/>
			</distr>
		</branchRateModel>


	</data>



	<parameter id="rates.c:benchmark" spec="parameter.CompoundRealParameter">
			<parameter idref="leafRates"/>
			<parameter idref="internalRates"/>
	</parameter>


	<run id="mcmc" spec="MCMC"  chainLength="50000000">

		<state id="state" spec="State" storeEvery="1000">

			<tree id="Tree.t:benchmark" spec="beast.evolution.tree.Tree" name="stateNode">
				<taxonset id="TaxonSet.benchmark" spec="TaxonSet">
					<alignment idref="calsim"/>
				</taxonset>
			</tree>

			
			<parameter id="kappa.t" lower="0.0" name="stateNode">2.0</parameter>
			<parameter id="freqParameter.t" dimension="4" name="stateNode">0.25</parameter>


			<parameter id="ucldStdev.c:benchmark" spec="parameter.RealParameter" lower="0.0" name="stateNode">0.1</parameter>
			<parameter id="birthRate.t:benchmark" spec="parameter.RealParameter" name="stateNode">1.0</parameter>

			<stateNode id="leafRates" spec="parameter.RealParameter" dimension="30">1</stateNode>
			<stateNode id="internalRates" spec="parameter.RealParameter" dimension="28">1</stateNode>



		</state>

		<init spec="beast.util.ClusterTree" id="NJtree" initial="@Tree.t:benchmark" clusterType="neighborjoining" taxa="@calsim"/>

		<distribution id="posterior" spec="util.CompoundDistribution">

			<distribution id="prior" spec="util.CompoundDistribution">

				<distribution id="YuleModel.t:benchmark" spec="beast.evolution.speciation.YuleModel" birthDiffRate="@birthRate.t:benchmark" tree="@Tree.t:benchmark"/>
                            
				<prior id="YuleBirthRatePrior.t:benchmark" name="distribution" x="@birthRate.t:benchmark">
					<LogNormal id="LogNormalDistributionModel.2" name="distr">
						<parameter id="RealParameter.17" spec="parameter.RealParameter" estimate="false" name="M">1.0</parameter>
						<parameter id="RealParameter.18" spec="parameter.RealParameter" estimate="false" name="S">1.25</parameter>
					</LogNormal>
				</prior>



				<prior name="distribution" x="@kappa.t">
				    <LogNormal name="distr">
				<parameter spec="parameter.RealParameter" estimate="false" name="M">1.0</parameter>
				<parameter spec="parameter.RealParameter" estimate="false" name="S">1.25</parameter>
				    </LogNormal>
				</prior>
				
				<prior name="distribution" x="@freqParameter.t">
				    <Dirichlet alpha="10 10 10 10" name="distr"/>
				</prior>
				    



				<prior id="ucldStdevPrior.c:benchmark" name="distribution" x="@ucldStdev.c:benchmark">
					<Gamma id="Gamma.2" name="distr">
						<parameter id="RealParameter.10" spec="parameter.RealParameter" estimate="false" name="alpha">0.5396</parameter>
						<parameter id="RealParameter.11" spec="parameter.RealParameter" estimate="false" name="beta">0.3819</parameter>
					</Gamma>
				</prior>


				<prior id="FastRatePriorDistrbution.c:dna:internal" name="distribution" x="@internalRates">
					<LogNormal id="LogNormalDistributionModel.rates" S="@ucldStdev.c:benchmark" M="1" meanInRealSpace="true" name="distr"/>
				</prior>

				
				<prior id="FastRatePriorDistrbution.c:dna:rates" name="distribution" x="@leafRates">
					<distr idref="LogNormalDistributionModel.rates"/>
				</prior>

			</distribution>

			<distribution id="likelihood" spec="util.CompoundDistribution" useThreads="true">

				<distribution id="treeLikelihood" spec="TreeLikelihood" tree="@Tree.t:benchmark" data="@calsim">
				    <siteModel spec="SiteModel" gammaCategoryCount="1">
					<parameter spec="parameter.RealParameter" estimate="false" name="shape">1.0</parameter>
					<parameter estimate="false" name="mutationRate">1.0</parameter>
					<substModel spec="HKY" kappa="@kappa.t"><frequencies spec="Frequencies" frequencies="@freqParameter.t"/></substModel>
				    </siteModel>
				    <branchRateModel id="RelaxedClock.c:benchmark" spec="beast.evolution.branchratemodel.UCRelaxedClockModel" rates="@rates.c:benchmark" tree="@Tree.t:benchmark">
					<parameter id="ucldMean.c:benchmark" estimate="false" name="clock.rate">1.0</parameter>
					<LogNormal id="LogNormalDistributionModel.c:calsim" S="@ucldStdev.c:benchmark" meanInRealSpace="true" name="distr">
						<parameter id="RealParameter.9" spec="parameter.RealParameter" estimate="false" lower="0.0" name="M" upper="1.0">1.0</parameter>
					</LogNormal>
					
				    </branchRateModel>
				</distribution>

			</distribution>

		</distribution>

		

		<operator id="KappaScaler.s" spec="ScaleOperator" parameter="@kappa.t" scaleFactor="0.5" weight="0.2"/>
		<operator id="FrequenciesExchanger.s" spec="DeltaExchangeOperator" delta="0.01" weight="0.2">
		    <parameter idref="freqParameter.t"/>
		</operator>



		<operator id="AdaptableOperatorSampler.ucldStdev" spec="AdaptableOperatorSampler" weight="10.0">

			<parameter idref="ucldStdev.c:benchmark" />


			<operator id="fastUcldStdevScaler.c:calsim" spec="consoperators.UcldScalerOperator" distr="@LogNormalDistributionModel.rates" rates="@rates.c:benchmark" scaleFactor="0.5" stdev="@ucldStdev.c:benchmark" weight="1.0"/>
			
			<operator id="UcldStdevRandomWalk.c:benchmark" spec="RealRandomWalkOperator" parameter="@ucldStdev.c:benchmark" weight="1" windowSize="1"/>
			<operator id="UcldStdevScale.c:benchmark" spec="ScaleOperator" scaleFactor="0.5" parameter="@ucldStdev.c:benchmark" weight="1"/>
			<operator id="SampleFromPriorOperator.c:ucldStdev" spec="SampleFromPriorOperator" parameter="@ucldStdev.c:benchmark" prior="@Gamma.2" weight="1"/>



		</operator>
		


		<operator id="AdaptableOperatorSampler.rates.root" spec="AdaptableOperatorSampler" parameter="@rates.c:benchmark" tree="@Tree.t:benchmark" weight="1">

			<operator id="RootOperator1.c:dna" spec="consoperators.SimpleDistance" twindowSize="0.005" tree="@Tree.t:benchmark" clockModel="@RelaxedClock.c:benchmark" rates="@rates.c:benchmark"  weight="1">
				<kernel spec="beast.evolution.operators.KernelDistribution$Bactrian" m="0.95" mode="bactrian_normal"/>
			</operator>

			<operator id="RootOperator2.c:dna" spec="consoperators.SmallPulley" dwindowSize="0.005" tree="@Tree.t:benchmark" clockModel="@RelaxedClock.c:benchmark" rates="@rates.c:benchmark"  weight="1">
				<kernel spec="beast.evolution.operators.KernelDistribution$Bactrian" m="0.95" mode="bactrian_normal"/>
			</operator>


		</operator>



		<operator id="AdaptableOperatorSampler.rates.internal" spec="AdaptableOperatorSampler" parameter="@internalRates" tree="@Tree.t:benchmark" weight="14">


			<operator id="InternalnodesOperator.c:dna" spec="consoperators.InConstantDistanceOperator" include="internal" twindowSize="0.005"  tree="@Tree.t:benchmark" clockModel="@RelaxedClock.c:benchmark" rates="@rates.c:benchmark"  weight="1">
				<kernel spec="beast.evolution.operators.KernelDistribution$Bactrian" m="0.95" mode="bactrian_normal"/>
			</operator>

			<operator id="RatesRandomWalk.c:benchmark" spec="BactrianRandomWalkOperator" parameter="@internalRates" weight="1" scaleFactor="0.1">
				<kernelDistribution spec="beast.evolution.operators.KernelDistribution$Bactrian" m="0.95" mode="bactrian_normal"/>
			</operator>
			
			<operator id="RatesScale.c:benchmark" spec="BactrianScaleOperator" scaleFactor="0.5" parameter="@internalRates" weight="1">
				<kernelDistribution spec="beast.evolution.operators.KernelDistribution$Bactrian" m="0.95" mode="bactrian_normal"/>
			</operator>

			<operator id="SampleFromPriorOperator.c:benchmark" spec="SampleFromPriorOperator" parameter="@internalRates" np="1" prior="@LogNormalDistributionModel.rates" weight="1"/>

		</operator>
		
		
		
		<operator id="AdaptableOperatorSampler.rates.leaf" spec="AdaptableOperatorSampler" parameter="@leafRates" tree="@Tree.t:benchmark" weight="15" burnin="30000">

			<operator id="InternalnodesOperator.c:dna.leaf" spec="consoperators.InConstantDistanceOperator"  include="leaf" twindowSize="0.005"  tree="@Tree.t:benchmark" clockModel="@RelaxedClock.c:benchmark" rates="@rates.c:benchmark"  weight="1">
				<kernel spec="beast.evolution.operators.KernelDistribution$Bactrian" m="0.95" mode="bactrian_normal"/>
			</operator>

			<operator id="AdaptableVarianceMultivariateNormalOperator" spec="beast.evolution.operators.AdaptableVarianceMultivariateNormalOperator" 
                weight="1"
                coefficient="1"
                scaleFactor="1"
                beta="0.05"
                initial="1000"
                burnin="500"
                every="1">
				<transformations spec="beast.util.Transform$LogTransform">
					<f idref="leafRates"/>
				</transformations>
			</operator>

			<operator id="RatesRandomWalk.c:benchmark.leaf" spec="BactrianRandomWalkOperator" parameter="@leafRates" weight="1" scaleFactor="0.1">
				<kernelDistribution spec="beast.evolution.operators.KernelDistribution$Bactrian" m="0.95" mode="bactrian_normal"/>
			</operator>
			
			<operator id="RatesScale.c:benchmark.leaf" spec="BactrianScaleOperator" scaleFactor="0.5" parameter="@leafRates" weight="1">
				<kernelDistribution spec="beast.evolution.operators.KernelDistribution$Bactrian" m="0.95" mode="bactrian_normal"/>
			</operator>

			<operator id="SampleFromPriorOperator.c:leaf" spec="SampleFromPriorOperator" parameter="@leafRates" np="1" prior="@LogNormalDistributionModel.rates" weight="1"/>

		</operator>


		<operator id="YuleBirthRateScaler.t:dummy" spec="ScaleOperator" parameter="@birthRate.t:benchmark" scaleFactor="0.75" weight="2.0"/>
		<operator id="YuleModelTreeScaler.t:dummy" spec="ScaleOperator" scaleFactor="0.5" tree="@Tree.t:benchmark" weight="3.0"/>
		<operator id="YuleModelTreeRootScaler.t:dummy" spec="ScaleOperator" rootOnly="true" scaleFactor="0.5" tree="@Tree.t:benchmark" weight="3.0"/>
		<operator id="YuleModelUniformOperator.t:dummy" spec="Uniform" tree="@Tree.t:benchmark" weight="30.0"/>
		<operator id="YuleModelSubtreeSlide.t:dummy" spec="SubtreeSlide" tree="@Tree.t:benchmark" weight="15.0"/>
		<operator id="YuleModelWide.t:dummy" spec="Exchange" isNarrow="false" tree="@Tree.t:benchmark" weight="3.0"/>
		<operator id="YuleModelWilsonBalding.t:dummy" spec="WilsonBalding" tree="@Tree.t:benchmark" weight="3.0"/>


		<operator id="AdaptableOperatorSampler.NER" spec="AdaptableOperatorSampler" tree="@Tree.t:benchmark" weight="15">

			<metric spec="beast.evolution.tree.RobinsonsFouldMetric" taxonset="@TaxonSet.benchmark"/>
			<operator id="YuleModelNarrow.t:dummy" spec="Exchange" tree="@Tree.t:benchmark" weight="1"/>
			<operator id="NEROperator_nowalk_dAE_dBE_dCE" spec="NERVariants.NEROperator_dAE_dBE_dCE" tree="@Tree.t:benchmark" rates="@rates.c:benchmark" weight="1"/>
			
		</operator>





		<logger id="tracelog" spec="Logger" fileName="logfile_62.log" logEvery="2000" model="@posterior" sanitiseHeaders="true" sort="smart">
			<log idref="posterior"/>
			<log idref="likelihood"/>
			<log idref="prior"/>
			<log id="TreeHeight.t:benchmark" spec="beast.evolution.tree.TreeStatLogger" tree="@Tree.t:benchmark"/>

			<log idref="kappa.t"/>
			<log idref="freqParameter.t"/>

			<log idref="ucldStdev.c:benchmark"/>
			<log id="RateStatLogger:mcmc" spec="beast.evolution.branchratemodel.RateStatistic" branchratemodel="@RelaxedClock.c:benchmark" tree="@Tree.t:benchmark"/>
			<log id="RateStatLogger:true" spec="beast.evolution.branchratemodel.RateStatistic" branchratemodel="@true:clockModel" tree="@simulated_tree"/>
			<log idref="birthRate.t:benchmark"/>
		</logger>

		<logger id="screenlog" spec="Logger" logEvery="1000">
			<log idref="posterior"/>
			<log idref="likelihood"/>
			<log idref="prior"/>
		</logger>



	</run>


</beast>



