<?xml version="1.0" encoding="UTF-8" standalone="no"?><beast beautitemplate='Standard' beautistatus='' namespace="consoperators:beast.core:beast.evolution.alignment:beast.evolution.tree.coalescent:beast.core.util:beast.evolution.nuc:beast.evolution.operators:beast.evolution.sitemodel:beast.evolution.substitutionmodel:beast.evolution.likelihood" required="BEAST v2.5.0" version="2.5">

    <!-- This xml uses continuous rates and include the ConstantDistance Operator  -->
    <!-- to sample the simulated sequences  -->


    <data spec='beast.app.seqgen.SimulatedAlignment' id="ratites"
	  sequencelength="10000"
	  outputFileName="simulated_alignment.xml">


      <tree id='tree' spec='beast.util.TreeParser'
	    newick="((((1:0.1324367376839707,(14:0.011537238858470716,20:0.011537238858470716):0.1208994988255):0.002610882789619323,(8:0.09808629430486554,11:0.09808629430486554):0.036961326168724495):0.29468011806306166,(((4:0.013429418034121395,16:0.013429418034121395):0.14472429735983813,19:0.15815371539395953):0.0016087450921132007,10:0.15976246048607273):0.26996527805057896):0.6836557321793754,((((((2:0.02305375318172475,9:0.02305375318172475):0.3863774281625608,5:0.4094311813442856):0.16167835258900398,(12:0.13185530680547244,15:0.13185530680547244):0.43925422712781714):0.22647100019340216,(13:0.2899757360538706,18:0.2899757360538706):0.5076047980728211):0.07519903609439982,6:0.8727795702210915):0.10777151206863722,((3:0.059986257005466455,17:0.059986257005466455):0.47871076998239115,7:0.5386970269878576):0.44185405530187116):0.1328323884262983):0.0;"
	    IsLabelledNewick="true"/>

      <data spec='Alignment' id="input_alignment" dataType="nucleotide">
          <sequence taxon="1">?</sequence>
          <sequence taxon="2">?</sequence>
          <sequence taxon="3">?</sequence>
          <sequence taxon="4">?</sequence>
          <sequence taxon="5">?</sequence>
          <sequence taxon="6">?</sequence>
          <sequence taxon="7">?</sequence>
          <sequence taxon="8">?</sequence>
          <sequence taxon="9">?</sequence>
          <sequence taxon="10">?</sequence>
          <sequence taxon="11">?</sequence>
          <sequence taxon="12">?</sequence>
          <sequence taxon="13">?</sequence>
          <sequence taxon="14">?</sequence>
          <sequence taxon="15">?</sequence>
          <sequence taxon="16">?</sequence>
          <sequence taxon="17">?</sequence>
          <sequence taxon="18">?</sequence>
          <sequence taxon="19">?</sequence>
          <sequence taxon="20">?</sequence>
      </data>

      <siteModel spec='SiteModel' id="siteModel" gammaCategoryCount='1'>
      <substModel spec='HKY' id='hky'>
      <parameter name='kappa' id="hky.kappa" value="0.241380933466144" lower="0.0"/>
      <frequencies id='freqs' spec='Frequencies' frequencies="0.22380108927097 0.424050443184412 0.169749623568918 0.182398843975701"/>
      </substModel>
      </siteModel>
      <branchRateModel id="UCRelaxedClock" spec="beast.evolution.branchratemodel.UCRelaxedClockModel" tree="@tree">
      <parameter id="ucldMean" estimate="false" name="clock.rate">1.0</parameter>
      <parameter id="branchrates" name="rateCategories" spec="parameter.IntegerParameter" dimension="38">1</parameter>
      <distr id='lognormal' spec="beast.math.distributions.LogNormalDistributionModel" meanInRealSpace="true">
      <parameter name='M' id='M' value="1.0"/>
      <parameter name='S' id='ucld.stdev' value="0.19309711180023"/>
      </distr>
      </branchRateModel>
    </data>

    <map name="Uniform" >beast.math.distributions.Uniform</map>
    <map name="Exponential" >beast.math.distributions.Exponential</map>
    <map name="LogNormal" >beast.math.distributions.LogNormalDistributionModel</map>
    <map name="Normal" >beast.math.distributions.Normal</map>
    <map name="Beta" >beast.math.distributions.Beta</map>
    <map name="Gamma" >beast.math.distributions.Gamma</map>
    <map name="LaplaceDistribution" >beast.math.distributions.LaplaceDistribution</map>
    <map name="prior" >beast.math.distributions.Prior</map>
    <map name="InverseGamma" >beast.math.distributions.InverseGamma</map>
    <map name="OneOnX" >beast.math.distributions.OneOnX</map>
    <map name="Dirichlet" >beast.math.distributions.Dirichlet</map>

    <run id="mcmc" spec="MCMC" chainLength="10000000"  >
        <state id="state" storeEvery="5000">
            <tree id="Tree.t:ratites" name="stateNode">
                <taxonset id="TaxonSet.ratites" spec="TaxonSet">
                    <alignment idref="ratites"/>
                </taxonset>
            </tree>
    <parameter id="ucldStdev.c:ratites" lower="0.0" name="stateNode">0.2</parameter>
        <stateNode id="rates.c:ratites" spec="parameter.RealParameter" dimension="38">1.0</stateNode>
        <parameter id="BirthRate.t:ratites" name="stateNode">2.0</parameter>
        <parameter id="kappa.t:ratites" lower="0.0" name="stateNode">2.0</parameter>
        <parameter id="freqParameter.t:ratites" dimension="4" name="stateNode">0.25</parameter>
        </state>

        <init id="RandomTree.t:dna" spec="beast.evolution.tree.RandomTree" estimate="false" initial="@Tree.t:ratites" taxa="@ratites">
            <populationModel id="ConstantPopulation0.t:ratites" spec="ConstantPopulation">
                <parameter id="randomPopSize.t:ratites" name="popSize">1.0</parameter>
            </populationModel>
        </init>

        <distribution id="posterior" spec="util.CompoundDistribution">
            <distribution id="prior" spec="util.CompoundDistribution">
            <distribution id="YuleModel.t:ratites" spec="beast.evolution.speciation.YuleModel" birthDiffRate="@BirthRate.t:ratites" tree="@Tree.t:ratites"/>
            <prior id="BirthRatePrior.t:ratites" name="distribution" x="@BirthRate.t:ratites">
                <LogNormal id="LogNormalDistribution1" S="0.2"  M="0.7" meanInRealSpace="false" name="distr">
                </LogNormal>
            </prior>

            <prior id="FrequencyPrior.t:ratites" name="distribution" x="@freqParameter.t:ratites">
                <Dirichlet id="Dirichlet1" alpha="10 10 10 10" name="distr"/>
            </prior>

            <prior id="KappaPrior.t:ratites" name="distribution" x="@kappa.t:ratites">
                <LogNormal id="LogNormalDistribution0" S="0.6"  M="-1.0" meanInRealSpace="false"  name="distr"/>
            </prior>

            <prior id="RatePrior.t:ratites" name="distribution" x="@rates.c:ratites">
                <LogNormal id="LogNormalDistribution2" S="@ucldStdev.c:ratites"  M="1.0" meanInRealSpace="true" name="distr"/>
            </prior>

            <prior id="ucldStdevPrior.c:ratites" name="distribution" x="@ucldStdev.c:ratites">
                <LogNormal id="LogNormalDistribution3" S="0.35"  M="-1.5" meanInRealSpace="false" name="distr"/>
            </prior>
            </distribution>

            <distribution id="likelihood" spec="util.CompoundDistribution" useThreads="true">
                <distribution id="treeLikelihood.ratites" spec="ThreadedTreeLikelihood" data="@ratites" tree="@Tree.t:ratites">
                    <siteModel id="SiteModel.t:ratites" spec="SiteModel">
                        <parameter id="mutationRate.t:ratites" estimate="false" name="mutationRate">1.0</parameter>
                        <parameter id="gammaShape.t:ratites" estimate="false" name="shape">1.0</parameter>
                        <parameter id="proportionInvariant.t:ratites" estimate="false" lower="0.0" name="proportionInvariant" upper="1.0">0.0</parameter>
                        <substModel id="hky.t:ratites" spec="HKY" kappa="@kappa.t:ratites">
                            <frequencies id="estimatedFreqs.t:ratites" spec="Frequencies" frequencies="@freqParameter.t:ratites"/>
                        </substModel>
                    </siteModel>
                    <branchRateModel id="RelaxedClock.c:ratites" spec="beast.evolution.branchratemodel.UCRelaxedClockModel"
                                     rates="@rates.c:ratites" tree="@Tree.t:ratites" distr="@LogNormalDistribution2">
                        <parameter id="ucldMean.c:ratites" estimate="false" name="clock.rate">1.0</parameter>
                    </branchRateModel>
                </distribution>
            </distribution>
        </distribution>

        <operator id="InternalnodesOperator.c:dna" spec="InConstantDistanceOperator"
                  twindowSize="0.017"  tree="@Tree.t:ratites" rates="@rates.c:ratites"  weight="10.0"/>

        <operator id="RootOperator1.c:dna" spec="SimpleDistance"
                  twindowSize="0.055" tree="@Tree.t:ratites" rates="@rates.c:ratites"  weight="1.0"/>

        <operator id="RootOperator2.c:dna" spec="SmallPulley"
                  dwindowSize="0.038" tree="@Tree.t:ratites" rates="@rates.c:ratites"  weight="1.0"/>

        <operator id="RootOperator3.c:dna" spec="BigPulley"
                  twindowSize="0.017" dwindowSize="0.032" tree="@Tree.t:ratites" rates="@rates.c:ratites"  weight="1.0"/>

        <operator id="RatesRandomWalk.c:ratites" spec="RealRandomWalkOperator" parameter="@rates.c:ratites" weight="10.0" windowSize="0.1"/>

        <operator id="RatesSwapOperator.c:ratites" spec="SwapOperator" parameter="@rates.c:ratites" weight="10.0"/>

        <operator id="RatesIndependent.c:ratites" spec="IndependentOperator" rates="@rates.c:ratites" distr="@LogNormalDistribution2" weight="10.0"/>

        <operator id="YuleTreeScaler.t:ratites" spec="ScaleOperator" scaleFactor="0.5" tree="@Tree.t:ratites" weight="10.0"/>

        <operator id="YuleTreeRootScaler.t:ratites" spec="ScaleOperator" rootOnly="true" scaleFactor="0.5" tree="@Tree.t:ratites" weight="5.0"/>

        <operator id="YuleBirthRateScaler.t:ratites" spec="ScaleOperator" parameter="@BirthRate.t:ratites" scaleFactor="0.75" weight="10.0"/>

        <operator id="YuleModelUniformOperator.t:ratites" spec="Uniform" tree="@Tree.t:ratites" weight="10.0"/>

        <operator id="YuleModelSubtreeSlide.t:ratites" spec="SubtreeSlide" tree="@Tree.t:ratites" weight="5.0"/>

        <operator id="YuleModelhNarrow.t:ratites" spec="Exchange" tree="@Tree.t:ratites" weight="5.0"/>

        <operator id="YuleModelWide.t:ratites" spec="Exchange" isNarrow="false" tree="@Tree.t:ratites" weight="5.0"/>

        <operator id="YuleModelWilsonBalding.t:ratites" spec="WilsonBalding" tree="@Tree.t:ratites" weight="5.0"/>

        <operator id="KappaScaler.s:dna" spec="ScaleOperator" parameter="@kappa.t:ratites" scaleFactor="0.5" weight="1.0"/>

        <operator id="FrequenciesExchanger.s:dna" spec="DeltaExchangeOperator" delta="0.01" weight="0.2">
            <parameter idref="freqParameter.t:ratites"/>
        </operator>

        <operator id="ucldStdevScaler.c:ratites" spec="ScaleOperator" parameter="@ucldStdev.c:ratites" scaleFactor="0.5" weight="5.0"/>

        <logger id="tracelog" fileName="ratites.log" logEvery="2000" model="@posterior" sanitiseHeaders="true" sort="smart">
            <log idref="posterior"/>
            <log idref="likelihood"/>
            <log idref="prior"/>
            <log idref="treeLikelihood.ratites"/>
            <log id="TreeLength.t:ratites" spec="beast.evolution.tree.TreeStatLogger" tree="@Tree.t:ratites"/>
            <log id="rate.c:ratites" spec="beast.evolution.branchratemodel.RateStatistic" branchratemodel="@RelaxedClock.c:ratites" tree="@Tree.t:ratites"/>
            <log idref="kappa.t:ratites"/>
            <log idref="freqParameter.t:ratites"/>
            <log idref="ucldStdev.c:ratites"/>
            <log idref="BirthRate.t:ratites"/>
        </logger>

        <logger id="screenlog" logEvery="10000">
            <log idref="posterior"/>
            <log id="ESS.0" spec="util.ESS" arg="@posterior"/>
            <log idref="likelihood"/>
            <log idref="prior"/>
        </logger>

        <logger id="treelog.t:ratites" fileName="$(tree).trees" logEvery="2000" mode="tree">
            <log id="TreeWithMetaDataLogger.t:ratites" spec="beast.evolution.tree.TreeWithMetaDataLogger" branchratemodel="@RelaxedClock.c:ratites" tree="@Tree.t:ratites"/>
        </logger>

    </run>

</beast>
